[
{
  "model": "sessions.session",
  "pk": "5gy99j3a3smqhtgufofrdak0orj3wawm",
  "fields": {
    "session_data": "MmI5YWIwNzYwMDk3MTk4MDliZjg0ZjBlZTczNzZmNzRhMjE1NzRmMzp7Il9hdXRoX3VzZXJfaWQiOiIxIiwiX2F1dGhfdXNlcl9iYWNrZW5kIjoiZGphbmdvLmNvbnRyaWIuYXV0aC5iYWNrZW5kcy5Nb2RlbEJhY2tlbmQiLCJfYXV0aF91c2VyX2hhc2giOiI3NTZlZjQ5MjMyYTBmZjgwMDQxMzNlNzZhMTViMmM3NTFkNjI0ZmUzIn0=",
    "expire_date": "2019-03-07T15:37:19.660Z"
  }
},
{
  "model": "sessions.session",
  "pk": "9h4tur91xdp5jdaegffx5kfdravtojpr",
  "fields": {
    "session_data": "MmI5YWIwNzYwMDk3MTk4MDliZjg0ZjBlZTczNzZmNzRhMjE1NzRmMzp7Il9hdXRoX3VzZXJfaWQiOiIxIiwiX2F1dGhfdXNlcl9iYWNrZW5kIjoiZGphbmdvLmNvbnRyaWIuYXV0aC5iYWNrZW5kcy5Nb2RlbEJhY2tlbmQiLCJfYXV0aF91c2VyX2hhc2giOiI3NTZlZjQ5MjMyYTBmZjgwMDQxMzNlNzZhMTViMmM3NTFkNjI0ZmUzIn0=",
    "expire_date": "2019-03-07T15:37:20.882Z"
  }
},
{
  "model": "sessions.session",
  "pk": "ubrlskfxo5sz7f6hkn1hoknhvafudvuc",
  "fields": {
    "session_data": "MmI5YWIwNzYwMDk3MTk4MDliZjg0ZjBlZTczNzZmNzRhMjE1NzRmMzp7Il9hdXRoX3VzZXJfaWQiOiIxIiwiX2F1dGhfdXNlcl9iYWNrZW5kIjoiZGphbmdvLmNvbnRyaWIuYXV0aC5iYWNrZW5kcy5Nb2RlbEJhY2tlbmQiLCJfYXV0aF91c2VyX2hhc2giOiI3NTZlZjQ5MjMyYTBmZjgwMDQxMzNlNzZhMTViMmM3NTFkNjI0ZmUzIn0=",
    "expire_date": "2019-03-06T21:53:26.090Z"
  }
},
{
  "model": "sessions.session",
  "pk": "xwyeccigm14aid4q9yrq3b7n9i3bnazc",
  "fields": {
    "session_data": "MmI5YWIwNzYwMDk3MTk4MDliZjg0ZjBlZTczNzZmNzRhMjE1NzRmMzp7Il9hdXRoX3VzZXJfaWQiOiIxIiwiX2F1dGhfdXNlcl9iYWNrZW5kIjoiZGphbmdvLmNvbnRyaWIuYXV0aC5iYWNrZW5kcy5Nb2RlbEJhY2tlbmQiLCJfYXV0aF91c2VyX2hhc2giOiI3NTZlZjQ5MjMyYTBmZjgwMDQxMzNlNzZhMTViMmM3NTFkNjI0ZmUzIn0=",
    "expire_date": "2019-03-07T15:37:27.833Z"
  }
},
{
  "model": "death_star_data.customer",
  "pk": 1,
  "fields": {
    "first_name": "Poopy",
    "last_name": "Butthole",
    "address": "C-137",
    "phone": 6153514130,
    "active": true
  }
},
{
  "model": "death_star_data.customer",
  "pk": 2,
  "fields": {
    "first_name": "Django",
    "last_name": "Fet",
    "address": "15124 Fort Campbell BLVD Unit 172",
    "phone": 6153514130,
    "active": true
  }
},
{
  "model": "death_star_data.customer",
  "pk": 3,
  "fields": {
    "first_name": "Firmus",
    "last_name": "Piett",
    "address": "500 Interstate Blvd S",
    "phone": 6158979087,
    "active": true
  }
},
{
  "model": "death_star_data.customer",
  "pk": 4,
  "fields": {
    "first_name": "Jason",
    "last_name": "Campbell's",
    "address": "313 Soup Dr.",
    "phone": 6154654190,
    "active": true
  }
},
{
  "model": "death_star_data.customer",
  "pk": 5,
  "fields": {
    "first_name": "NayNay",
    "last_name": "Johnson",
    "address": "456 Captain Coke ave.",
    "phone": 5678145673,
    "active": true
  }
},
{
  "model": "death_star_data.producttype",
  "pk": 1,
  "fields": {
    "name": "Books"
  }
},
{
  "model": "death_star_data.producttype",
  "pk": 2,
  "fields": {
    "name": "Supplements"
  }
},
{
  "model": "death_star_data.producttype",
  "pk": 3,
  "fields": {
    "name": "Weapons"
  }
},
{
  "model": "death_star_data.producttype",
  "pk": 4,
  "fields": {
    "name": "Housing"
  }
},
{
  "model": "death_star_data.producttype",
  "pk": 5,
  "fields": {
    "name": "Clothing"
  }
},
{
  "model": "death_star_data.producttype",
  "pk": 6,
  "fields": {
    "name": "Armor"
  }
},
{
  "model": "death_star_data.product",
  "pk": 1,
  "fields": {
    "title": "Panda Rug",
    "description": "The rug is machine made from synthetic material that ensures quality and style for a long time. This black and white area rug in the shape of a panda is perfect for your child\u2019s room. The Panda Black Outdoor Area Rug by Walk On Me is a part of the Kids collection. It is eco-friendly and ideal for nurseries, bedrooms, playrooms, or classroom. The rug features a latex backing that promises years of reliable use. This hypoallergenic and non-toxic rug is safe to use in any home and help maintain a healthy ambience in the house. It is available in multiple sizes.",
    "price": "152.99",
    "quantity": 5,
    "product_type": 4,
    "seller": 2
  }
},
{
  "model": "death_star_data.product",
  "pk": 2,
  "fields": {
    "title": "Samsung Laser Blaster",
    "description": "The new Samsung Laser Blaster holds  infinite rounds, and has a new sleek design compared to models in the past. The new railing allows for additions of scopes,  bump stocks,  and swat light attachments.",
    "price": "300.00",
    "quantity": 20,
    "product_type": 3,
    "seller": 4
  }
},
{
  "model": "death_star_data.product",
  "pk": 3,
  "fields": {
    "title": "Steroid Injection",
    "description": "One butt shot of this stuff will get you yoked like Chewbacca.",
    "price": "50.00",
    "quantity": 100,
    "product_type": 2,
    "seller": 1
  }
},
{
  "model": "death_star_data.product",
  "pk": 4,
  "fields": {
    "title": "I love Vader Doll",
    "description": "Destined to bring balance to the Force, Anakin Skywalker fell to the dark side and arose as Darth Vader.\r\n\r\nKids can imagine creating their own Star Wars action with this 12-inch-scale Darth Vader figure! This figure features movie-inspired design and comes with a character-inspired accessory for fun figure play. Expand and enhance any collection with figures, vehicles, and more from Star Wars!",
    "price": "35.99",
    "quantity": 1,
    "product_type": 4,
    "seller": 5
  }
},
{
  "model": "death_star_data.product",
  "pk": 5,
  "fields": {
    "title": "Stormtrooper Helmet",
    "description": "Doesnt really protect you from anything due to everything being light sabers and blasters... but it makes you look hella conformed.",
    "price": "25.00",
    "quantity": 100,
    "product_type": 6,
    "seller": 2
  }
},
{
  "model": "death_star_data.paymenttype",
  "pk": 1,
  "fields": {
    "name": "Credits",
    "account_num": 1000299938884777,
    "customer": 1
  }
},
{
  "model": "death_star_data.paymenttype",
  "pk": 2,
  "fields": {
    "name": "NationalGalaxyCC",
    "account_num": 1111222233334444,
    "customer": 2
  }
},
{
  "model": "death_star_data.paymenttype",
  "pk": 3,
  "fields": {
    "name": "HuttCredit",
    "account_num": 9999888800007777,
    "customer": 3
  }
},
{
  "model": "death_star_data.paymenttype",
  "pk": 4,
  "fields": {
    "name": "CoruscantCreditUnion",
    "account_num": 4000900040009000,
    "customer": 4
  }
},
{
  "model": "death_star_data.paymenttype",
  "pk": 5,
  "fields": {
    "name": "BountyHuntersBounty",
    "account_num": 666066606660666,
    "customer": 5
  }
},
{
  "model": "death_star_data.order",
  "pk": 1,
  "fields": {
    "payment_type": 3,
    "customer": 5
  }
},
{
  "model": "death_star_data.order",
  "pk": 2,
  "fields": {
    "payment_type": 2,
    "customer": 4
  }
},
{
  "model": "death_star_data.order",
  "pk": 3,
  "fields": {
    "payment_type": 4,
    "customer": 3
  }
},
{
  "model": "death_star_data.order",
  "pk": 4,
  "fields": {
    "payment_type": 2,
    "customer": 2
  }
},
{
  "model": "death_star_data.order",
  "pk": 5,
  "fields": {
    "payment_type": 2,
    "customer": 1
  }
},
{
  "model": "death_star_data.productorder",
  "pk": 1,
  "fields": {
    "product": 1,
    "order": 2
  }
},
{
  "model": "death_star_data.productorder",
  "pk": 2,
  "fields": {
    "product": 2,
    "order": 1
  }
},
{
  "model": "death_star_data.productorder",
  "pk": 3,
  "fields": {
    "product": 2,
    "order": 1
  }
},
{
  "model": "death_star_data.productorder",
  "pk": 4,
  "fields": {
    "product": 4,
    "order": 4
  }
},
{
  "model": "death_star_data.productorder",
  "pk": 5,
  "fields": {
    "product": 3,
    "order": 3
  }
},
{
  "model": "death_star_data.department",
  "pk": 1,
  "fields": {
    "name": "Power plant",
    "budget": 275000
  }
},
{
  "model": "death_star_data.department",
  "pk": 2,
  "fields": {
    "name": "Hyperdrive system",
    "budget": 85000
  }
},
{
  "model": "death_star_data.department",
  "pk": 3,
  "fields": {
    "name": "Crew",
    "budget": 500000
  }
},
{
  "model": "death_star_data.department",
  "pk": 4,
  "fields": {
    "name": "Armament",
    "budget": 150000
  }
},
{
  "model": "death_star_data.department",
  "pk": 5,
  "fields": {
    "name": "Human Resources",
    "budget": 7500
  }
},
{
  "model": "death_star_data.employee",
  "pk": 1,
  "fields": {
    "first_name": "Captain",
    "last_name": "Godherdt",
    "start_date": "2019-02-21",
    "is_supervisor": true,
    "department": 5
  }
},
{
  "model": "death_star_data.employee",
  "pk": 2,
  "fields": {
    "first_name": "Captain",
    "last_name": "Sarki",
    "start_date": "2018-02-09",
    "is_supervisor": true,
    "department": 4
  }
},
{
  "model": "death_star_data.employee",
  "pk": 3,
  "fields": {
    "first_name": "Admiral",
    "last_name": "Chiraneau",
    "start_date": "1987-06-23",
    "is_supervisor": true,
    "department": 1
  }
},
{
  "model": "death_star_data.employee",
  "pk": 4,
  "fields": {
    "first_name": "Moff Tiaan",
    "last_name": "Jerjerrod",
    "start_date": "2014-01-16",
    "is_supervisor": false,
    "department": 2
  }
},
{
  "model": "death_star_data.employee",
  "pk": 5,
  "fields": {
    "first_name": "Lieutenant",
    "last_name": "Grond",
    "start_date": "1987-06-19",
    "is_supervisor": false,
    "department": 3
  }
},
{
  "model": "death_star_data.training",
  "pk": 1,
  "fields": {
    "name": "How to Force Push 101",
    "start_date": "2018-09-04",
    "end_date": "2018-10-04",
    "max_attendees": 10
  }
},
{
  "model": "death_star_data.training",
  "pk": 2,
  "fields": {
    "name": "Force Lightning 303",
    "start_date": "2019-02-12",
    "end_date": "2019-02-23",
    "max_attendees": 10
  }
},
{
  "model": "death_star_data.training",
  "pk": 3,
  "fields": {
    "name": "Finding your hated 202",
    "start_date": "2019-02-06",
    "end_date": "2019-02-10",
    "max_attendees": 4
  }
},
{
  "model": "death_star_data.training",
  "pk": 4,
  "fields": {
    "name": "moving shit with your mind",
    "start_date": "2019-02-22",
    "end_date": "2019-03-07",
    "max_attendees": 10
  }
},
{
  "model": "death_star_data.training",
  "pk": 5,
  "fields": {
    "name": "Coping with not being a jedi",
    "start_date": "2019-02-19",
    "end_date": "2019-04-04",
    "max_attendees": 50
  }
},
{
  "model": "death_star_data.employeetraining",
  "pk": 1,
  "fields": {
    "employee": 1,
    "training": 5
  }
},
{
  "model": "death_star_data.employeetraining",
  "pk": 2,
  "fields": {
    "employee": 2,
    "training": 2
  }
},
{
  "model": "death_star_data.employeetraining",
  "pk": 3,
  "fields": {
    "employee": 4,
    "training": 3
  }
},
{
  "model": "death_star_data.employeetraining",
  "pk": 4,
  "fields": {
    "employee": 5,
    "training": 1
  }
},
{
  "model": "death_star_data.employeetraining",
  "pk": 5,
  "fields": {
    "employee": 3,
    "training": 3
  }
},
{
  "model": "death_star_data.computer",
  "pk": 1,
  "fields": {
    "purchase_date": "2018-06-01",
    "decommission_date": "2018-11-14",
    "manufacturer": "Apple",
    "model": "Mac Book Pro"
  }
},
{
  "model": "death_star_data.computer",
  "pk": 2,
  "fields": {
    "purchase_date": "2018-06-04",
    "decommission_date": "2019-02-09",
    "manufacturer": "acer",
    "model": "aspire"
  }
},
{
  "model": "death_star_data.computer",
  "pk": 3,
  "fields": {
    "purchase_date": "2017-05-01",
    "decommission_date": "2019-02-21",
    "manufacturer": "Apple",
    "model": "Mac Book Air"
  }
},
{
  "model": "death_star_data.computer",
  "pk": 4,
  "fields": {
    "purchase_date": "2018-07-07",
    "decommission_date": "2019-02-12",
    "manufacturer": "Lenova",
    "model": "Latitude"
  }
},
{
  "model": "death_star_data.computer",
  "pk": 5,
  "fields": {
    "purchase_date": "2017-07-11",
    "decommission_date": "2018-06-05",
    "manufacturer": "Apple",
    "model": "Mac Book Future"
  }
},
{
  "model": "death_star_data.computeremployee",
  "pk": 1,
  "fields": {
    "employee": 1,
    "computer": 1
  }
},
{
  "model": "death_star_data.computeremployee",
  "pk": 2,
  "fields": {
    "employee": 2,
    "computer": 2
  }
},
{
  "model": "death_star_data.computeremployee",
  "pk": 3,
  "fields": {
    "employee": 3,
    "computer": 3
  }
},
{
  "model": "death_star_data.computeremployee",
  "pk": 4,
  "fields": {
    "employee": 5,
    "computer": 4
  }
},
{
  "model": "death_star_data.computeremployee",
  "pk": 5,
  "fields": {
    "employee": 4,
    "computer": 5
  }
},
{
  "model": "auth.permission",
  "pk": 1,
  "fields": {
    "name": "Can add log entry",
    "content_type": 1,
    "codename": "add_logentry"
  }
},
{
  "model": "auth.permission",
  "pk": 2,
  "fields": {
    "name": "Can change log entry",
    "content_type": 1,
    "codename": "change_logentry"
  }
},
{
  "model": "auth.permission",
  "pk": 3,
  "fields": {
    "name": "Can delete log entry",
    "content_type": 1,
    "codename": "delete_logentry"
  }
},
{
  "model": "auth.permission",
  "pk": 4,
  "fields": {
    "name": "Can view log entry",
    "content_type": 1,
    "codename": "view_logentry"
  }
},
{
  "model": "auth.permission",
  "pk": 5,
  "fields": {
    "name": "Can add permission",
    "content_type": 2,
    "codename": "add_permission"
  }
},
{
  "model": "auth.permission",
  "pk": 6,
  "fields": {
    "name": "Can change permission",
    "content_type": 2,
    "codename": "change_permission"
  }
},
{
  "model": "auth.permission",
  "pk": 7,
  "fields": {
    "name": "Can delete permission",
    "content_type": 2,
    "codename": "delete_permission"
  }
},
{
  "model": "auth.permission",
  "pk": 8,
  "fields": {
    "name": "Can view permission",
    "content_type": 2,
    "codename": "view_permission"
  }
},
{
  "model": "auth.permission",
  "pk": 9,
  "fields": {
    "name": "Can add group",
    "content_type": 3,
    "codename": "add_group"
  }
},
{
  "model": "auth.permission",
  "pk": 10,
  "fields": {
    "name": "Can change group",
    "content_type": 3,
    "codename": "change_group"
  }
},
{
  "model": "auth.permission",
  "pk": 11,
  "fields": {
    "name": "Can delete group",
    "content_type": 3,
    "codename": "delete_group"
  }
},
{
  "model": "auth.permission",
  "pk": 12,
  "fields": {
    "name": "Can view group",
    "content_type": 3,
    "codename": "view_group"
  }
},
{
  "model": "auth.permission",
  "pk": 13,
  "fields": {
    "name": "Can add user",
    "content_type": 4,
    "codename": "add_user"
  }
},
{
  "model": "auth.permission",
  "pk": 14,
  "fields": {
    "name": "Can change user",
    "content_type": 4,
    "codename": "change_user"
  }
},
{
  "model": "auth.permission",
  "pk": 15,
  "fields": {
    "name": "Can delete user",
    "content_type": 4,
    "codename": "delete_user"
  }
},
{
  "model": "auth.permission",
  "pk": 16,
  "fields": {
    "name": "Can view user",
    "content_type": 4,
    "codename": "view_user"
  }
},
{
  "model": "auth.permission",
  "pk": 17,
  "fields": {
    "name": "Can add content type",
    "content_type": 5,
    "codename": "add_contenttype"
  }
},
{
  "model": "auth.permission",
  "pk": 18,
  "fields": {
    "name": "Can change content type",
    "content_type": 5,
    "codename": "change_contenttype"
  }
},
{
  "model": "auth.permission",
  "pk": 19,
  "fields": {
    "name": "Can delete content type",
    "content_type": 5,
    "codename": "delete_contenttype"
  }
},
{
  "model": "auth.permission",
  "pk": 20,
  "fields": {
    "name": "Can view content type",
    "content_type": 5,
    "codename": "view_contenttype"
  }
},
{
  "model": "auth.permission",
  "pk": 21,
  "fields": {
    "name": "Can add session",
    "content_type": 6,
    "codename": "add_session"
  }
},
{
  "model": "auth.permission",
  "pk": 22,
  "fields": {
    "name": "Can change session",
    "content_type": 6,
    "codename": "change_session"
  }
},
{
  "model": "auth.permission",
  "pk": 23,
  "fields": {
    "name": "Can delete session",
    "content_type": 6,
    "codename": "delete_session"
  }
},
{
  "model": "auth.permission",
  "pk": 24,
  "fields": {
    "name": "Can view session",
    "content_type": 6,
    "codename": "view_session"
  }
},
{
  "model": "auth.permission",
  "pk": 25,
  "fields": {
    "name": "Can add computer",
    "content_type": 7,
    "codename": "add_computer"
  }
},
{
  "model": "auth.permission",
  "pk": 26,
  "fields": {
    "name": "Can change computer",
    "content_type": 7,
    "codename": "change_computer"
  }
},
{
  "model": "auth.permission",
  "pk": 27,
  "fields": {
    "name": "Can delete computer",
    "content_type": 7,
    "codename": "delete_computer"
  }
},
{
  "model": "auth.permission",
  "pk": 28,
  "fields": {
    "name": "Can view computer",
    "content_type": 7,
    "codename": "view_computer"
  }
},
{
  "model": "auth.permission",
  "pk": 29,
  "fields": {
    "name": "Can add computer employee",
    "content_type": 8,
    "codename": "add_computeremployee"
  }
},
{
  "model": "auth.permission",
  "pk": 30,
  "fields": {
    "name": "Can change computer employee",
    "content_type": 8,
    "codename": "change_computeremployee"
  }
},
{
  "model": "auth.permission",
  "pk": 31,
  "fields": {
    "name": "Can delete computer employee",
    "content_type": 8,
    "codename": "delete_computeremployee"
  }
},
{
  "model": "auth.permission",
  "pk": 32,
  "fields": {
    "name": "Can view computer employee",
    "content_type": 8,
    "codename": "view_computeremployee"
  }
},
{
  "model": "auth.permission",
  "pk": 33,
  "fields": {
    "name": "Can add customer",
    "content_type": 9,
    "codename": "add_customer"
  }
},
{
  "model": "auth.permission",
  "pk": 34,
  "fields": {
    "name": "Can change customer",
    "content_type": 9,
    "codename": "change_customer"
  }
},
{
  "model": "auth.permission",
  "pk": 35,
  "fields": {
    "name": "Can delete customer",
    "content_type": 9,
    "codename": "delete_customer"
  }
},
{
  "model": "auth.permission",
  "pk": 36,
  "fields": {
    "name": "Can view customer",
    "content_type": 9,
    "codename": "view_customer"
  }
},
{
  "model": "auth.permission",
  "pk": 37,
  "fields": {
    "name": "Can add department",
    "content_type": 10,
    "codename": "add_department"
  }
},
{
  "model": "auth.permission",
  "pk": 38,
  "fields": {
    "name": "Can change department",
    "content_type": 10,
    "codename": "change_department"
  }
},
{
  "model": "auth.permission",
  "pk": 39,
  "fields": {
    "name": "Can delete department",
    "content_type": 10,
    "codename": "delete_department"
  }
},
{
  "model": "auth.permission",
  "pk": 40,
  "fields": {
    "name": "Can view department",
    "content_type": 10,
    "codename": "view_department"
  }
},
{
  "model": "auth.permission",
  "pk": 41,
  "fields": {
    "name": "Can add employee",
    "content_type": 11,
    "codename": "add_employee"
  }
},
{
  "model": "auth.permission",
  "pk": 42,
  "fields": {
    "name": "Can change employee",
    "content_type": 11,
    "codename": "change_employee"
  }
},
{
  "model": "auth.permission",
  "pk": 43,
  "fields": {
    "name": "Can delete employee",
    "content_type": 11,
    "codename": "delete_employee"
  }
},
{
  "model": "auth.permission",
  "pk": 44,
  "fields": {
    "name": "Can view employee",
    "content_type": 11,
    "codename": "view_employee"
  }
},
{
  "model": "auth.permission",
  "pk": 45,
  "fields": {
    "name": "Can add employee training",
    "content_type": 12,
    "codename": "add_employeetraining"
  }
},
{
  "model": "auth.permission",
  "pk": 46,
  "fields": {
    "name": "Can change employee training",
    "content_type": 12,
    "codename": "change_employeetraining"
  }
},
{
  "model": "auth.permission",
  "pk": 47,
  "fields": {
    "name": "Can delete employee training",
    "content_type": 12,
    "codename": "delete_employeetraining"
  }
},
{
  "model": "auth.permission",
  "pk": 48,
  "fields": {
    "name": "Can view employee training",
    "content_type": 12,
    "codename": "view_employeetraining"
  }
},
{
  "model": "auth.permission",
  "pk": 49,
  "fields": {
    "name": "Can add order",
    "content_type": 13,
    "codename": "add_order"
  }
},
{
  "model": "auth.permission",
  "pk": 50,
  "fields": {
    "name": "Can change order",
    "content_type": 13,
    "codename": "change_order"
  }
},
{
  "model": "auth.permission",
  "pk": 51,
  "fields": {
    "name": "Can delete order",
    "content_type": 13,
    "codename": "delete_order"
  }
},
{
  "model": "auth.permission",
  "pk": 52,
  "fields": {
    "name": "Can view order",
    "content_type": 13,
    "codename": "view_order"
  }
},
{
  "model": "auth.permission",
  "pk": 53,
  "fields": {
    "name": "Can add payment type",
    "content_type": 14,
    "codename": "add_paymenttype"
  }
},
{
  "model": "auth.permission",
  "pk": 54,
  "fields": {
    "name": "Can change payment type",
    "content_type": 14,
    "codename": "change_paymenttype"
  }
},
{
  "model": "auth.permission",
  "pk": 55,
  "fields": {
    "name": "Can delete payment type",
    "content_type": 14,
    "codename": "delete_paymenttype"
  }
},
{
  "model": "auth.permission",
  "pk": 56,
  "fields": {
    "name": "Can view payment type",
    "content_type": 14,
    "codename": "view_paymenttype"
  }
},
{
  "model": "auth.permission",
  "pk": 57,
  "fields": {
    "name": "Can add product",
    "content_type": 15,
    "codename": "add_product"
  }
},
{
  "model": "auth.permission",
  "pk": 58,
  "fields": {
    "name": "Can change product",
    "content_type": 15,
    "codename": "change_product"
  }
},
{
  "model": "auth.permission",
  "pk": 59,
  "fields": {
    "name": "Can delete product",
    "content_type": 15,
    "codename": "delete_product"
  }
},
{
  "model": "auth.permission",
  "pk": 60,
  "fields": {
    "name": "Can view product",
    "content_type": 15,
    "codename": "view_product"
  }
},
{
  "model": "auth.permission",
  "pk": 61,
  "fields": {
    "name": "Can add product order",
    "content_type": 16,
    "codename": "add_productorder"
  }
},
{
  "model": "auth.permission",
  "pk": 62,
  "fields": {
    "name": "Can change product order",
    "content_type": 16,
    "codename": "change_productorder"
  }
},
{
  "model": "auth.permission",
  "pk": 63,
  "fields": {
    "name": "Can delete product order",
    "content_type": 16,
    "codename": "delete_productorder"
  }
},
{
  "model": "auth.permission",
  "pk": 64,
  "fields": {
    "name": "Can view product order",
    "content_type": 16,
    "codename": "view_productorder"
  }
},
{
  "model": "auth.permission",
  "pk": 65,
  "fields": {
    "name": "Can add product type",
    "content_type": 17,
    "codename": "add_producttype"
  }
},
{
  "model": "auth.permission",
  "pk": 66,
  "fields": {
    "name": "Can change product type",
    "content_type": 17,
    "codename": "change_producttype"
  }
},
{
  "model": "auth.permission",
  "pk": 67,
  "fields": {
    "name": "Can delete product type",
    "content_type": 17,
    "codename": "delete_producttype"
  }
},
{
  "model": "auth.permission",
  "pk": 68,
  "fields": {
    "name": "Can view product type",
    "content_type": 17,
    "codename": "view_producttype"
  }
},
{
  "model": "auth.permission",
  "pk": 69,
  "fields": {
    "name": "Can add training",
    "content_type": 18,
    "codename": "add_training"
  }
},
{
  "model": "auth.permission",
  "pk": 70,
  "fields": {
    "name": "Can change training",
    "content_type": 18,
    "codename": "change_training"
  }
},
{
  "model": "auth.permission",
  "pk": 71,
  "fields": {
    "name": "Can delete training",
    "content_type": 18,
    "codename": "delete_training"
  }
},
{
  "model": "auth.permission",
  "pk": 72,
  "fields": {
    "name": "Can view training",
    "content_type": 18,
    "codename": "view_training"
  }
},
{
  "model": "auth.user",
  "pk": 1,
  "fields": {
    "password": "pbkdf2_sha256$120000$EzFqcygrXwDH$dW53KjfT7t8Bk7tF/g5p6B+HpS09JIz19TxZL24olN8=",
    "last_login": "2019-02-21T15:37:27.808Z",
    "is_superuser": true,
    "username": "palpatine",
    "first_name": "",
    "last_name": "",
    "email": "emp@gmail.com",
    "is_staff": true,
    "is_active": true,
    "date_joined": "2019-02-20T21:52:43.262Z",
    "groups": [],
    "user_permissions": []
  }
},
{
  "model": "admin.logentry",
  "pk": 1,
  "fields": {
    "action_time": "2019-02-21T15:38:36.863Z",
    "user": 1,
    "content_type": 7,
    "object_id": "1",
    "object_repr": "Apple Mac Book Pro - ID#1",
    "action_flag": 1,
    "change_message": "[{\"added\": {}}]"
  }
},
{
  "model": "admin.logentry",
  "pk": 2,
  "fields": {
    "action_time": "2019-02-21T15:39:29.023Z",
    "user": 1,
    "content_type": 7,
    "object_id": "2",
    "object_repr": "acer aspire - ID#2",
    "action_flag": 1,
    "change_message": "[{\"added\": {}}]"
  }
},
{
  "model": "admin.logentry",
  "pk": 3,
  "fields": {
    "action_time": "2019-02-21T15:39:59.179Z",
    "user": 1,
    "content_type": 17,
    "object_id": "1",
    "object_repr": "Book",
    "action_flag": 1,
    "change_message": "[{\"added\": {}}]"
  }
},
{
  "model": "admin.logentry",
  "pk": 4,
  "fields": {
    "action_time": "2019-02-21T15:40:05.613Z",
    "user": 1,
    "content_type": 7,
    "object_id": "3",
    "object_repr": "Apple Mac Book Air - ID#3",
    "action_flag": 1,
    "change_message": "[{\"added\": {}}]"
  }
},
{
  "model": "admin.logentry",
  "pk": 5,
  "fields": {
    "action_time": "2019-02-21T15:40:34.885Z",
    "user": 1,
    "content_type": 17,
    "object_id": "2",
    "object_repr": "Supplements",
    "action_flag": 1,
    "change_message": "[{\"added\": {}}]"
  }
},
{
  "model": "admin.logentry",
  "pk": 6,
  "fields": {
    "action_time": "2019-02-21T15:40:49.305Z",
    "user": 1,
    "content_type": 17,
    "object_id": "3",
    "object_repr": "Weapons",
    "action_flag": 1,
    "change_message": "[{\"added\": {}}]"
  }
},
{
  "model": "admin.logentry",
  "pk": 7,
  "fields": {
    "action_time": "2019-02-21T15:40:56.393Z",
    "user": 1,
    "content_type": 7,
    "object_id": "4",
    "object_repr": "Lenova Latitude - ID#4",
    "action_flag": 1,
    "change_message": "[{\"added\": {}}]"
  }
},
{
  "model": "admin.logentry",
  "pk": 8,
  "fields": {
    "action_time": "2019-02-21T15:41:05.428Z",
    "user": 1,
    "content_type": 10,
    "object_id": "1",
    "object_repr": "Name: Power plant  Budget: 50000",
    "action_flag": 1,
    "change_message": "[{\"added\": {}}]"
  }
},
{
  "model": "admin.logentry",
  "pk": 9,
  "fields": {
    "action_time": "2019-02-21T15:41:08.835Z",
    "user": 1,
    "content_type": 17,
    "object_id": "4",
    "object_repr": "Housing",
    "action_flag": 1,
    "change_message": "[{\"added\": {}}]"
  }
},
{
  "model": "admin.logentry",
  "pk": 10,
  "fields": {
    "action_time": "2019-02-21T15:41:27.243Z",
    "user": 1,
    "content_type": 10,
    "object_id": "2",
    "object_repr": "Name: Hyperdrive system  Budget: 15000",
    "action_flag": 1,
    "change_message": "[{\"added\": {}}]"
  }
},
{
  "model": "admin.logentry",
  "pk": 11,
  "fields": {
    "action_time": "2019-02-21T15:41:43.415Z",
    "user": 1,
    "content_type": 17,
    "object_id": "5",
    "object_repr": "Clothing",
    "action_flag": 1,
    "change_message": "[{\"added\": {}}]"
  }
},
{
  "model": "admin.logentry",
  "pk": 12,
  "fields": {
    "action_time": "2019-02-21T15:41:43.579Z",
    "user": 1,
    "content_type": 7,
    "object_id": "5",
    "object_repr": "Apple Mac Book Future - ID#5",
    "action_flag": 1,
    "change_message": "[{\"added\": {}}]"
  }
},
{
  "model": "admin.logentry",
  "pk": 13,
  "fields": {
    "action_time": "2019-02-21T15:41:44.007Z",
    "user": 1,
    "content_type": 10,
    "object_id": "3",
    "object_repr": "Name: Crew  Budget: 500000",
    "action_flag": 1,
    "change_message": "[{\"added\": {}}]"
  }
},
{
  "model": "admin.logentry",
  "pk": 14,
  "fields": {
    "action_time": "2019-02-21T15:41:47.729Z",
    "user": 1,
    "content_type": 17,
    "object_id": "6",
    "object_repr": "Armor",
    "action_flag": 1,
    "change_message": "[{\"added\": {}}]"
  }
},
{
  "model": "admin.logentry",
  "pk": 15,
  "fields": {
    "action_time": "2019-02-21T15:42:01.123Z",
    "user": 1,
    "content_type": 17,
    "object_id": "1",
    "object_repr": "Books",
    "action_flag": 2,
    "change_message": "[{\"changed\": {\"fields\": [\"name\"]}}]"
  }
},
{
  "model": "admin.logentry",
  "pk": 16,
  "fields": {
    "action_time": "2019-02-21T15:42:27.244Z",
    "user": 1,
    "content_type": 10,
    "object_id": "4",
    "object_repr": "Name: Armament  Budget: 150000",
    "action_flag": 1,
    "change_message": "[{\"added\": {}}]"
  }
},
{
  "model": "admin.logentry",
  "pk": 17,
  "fields": {
    "action_time": "2019-02-21T15:42:54.869Z",
    "user": 1,
    "content_type": 18,
    "object_id": "1",
    "object_repr": "How to Force Push 101",
    "action_flag": 1,
    "change_message": "[{\"added\": {}}]"
  }
},
{
  "model": "admin.logentry",
  "pk": 18,
  "fields": {
    "action_time": "2019-02-21T15:43:21.502Z",
    "user": 1,
    "content_type": 10,
    "object_id": "5",
    "object_repr": "Name: Human Resources  Budget: 7500",
    "action_flag": 1,
    "change_message": "[{\"added\": {}}]"
  }
},
{
  "model": "admin.logentry",
  "pk": 19,
  "fields": {
    "action_time": "2019-02-21T15:43:36.268Z",
    "user": 1,
    "content_type": 10,
    "object_id": "1",
    "object_repr": "Name: Power plant  Budget: 275000",
    "action_flag": 2,
    "change_message": "[{\"changed\": {\"fields\": [\"budget\"]}}]"
  }
},
{
  "model": "admin.logentry",
  "pk": 20,
  "fields": {
    "action_time": "2019-02-21T15:43:37.300Z",
    "user": 1,
    "content_type": 18,
    "object_id": "2",
    "object_repr": "Force Lightning 303",
    "action_flag": 1,
    "change_message": "[{\"added\": {}}]"
  }
},
{
  "model": "admin.logentry",
  "pk": 21,
  "fields": {
    "action_time": "2019-02-21T15:43:45.237Z",
    "user": 1,
    "content_type": 10,
    "object_id": "2",
    "object_repr": "Name: Hyperdrive system  Budget: 85000",
    "action_flag": 2,
    "change_message": "[{\"changed\": {\"fields\": [\"budget\"]}}]"
  }
},
{
  "model": "admin.logentry",
  "pk": 22,
  "fields": {
    "action_time": "2019-02-21T15:44:16.530Z",
    "user": 1,
    "content_type": 9,
    "object_id": "1",
    "object_repr": "PoopyButthole",
    "action_flag": 1,
    "change_message": "[{\"added\": {}}]"
  }
},
{
  "model": "admin.logentry",
  "pk": 23,
  "fields": {
    "action_time": "2019-02-21T15:44:16.904Z",
    "user": 1,
    "content_type": 18,
    "object_id": "3",
    "object_repr": "Finding your hated 202",
    "action_flag": 1,
    "change_message": "[{\"added\": {}}]"
  }
},
{
  "model": "admin.logentry",
  "pk": 24,
  "fields": {
    "action_time": "2019-02-21T15:44:36.438Z",
    "user": 1,
    "content_type": 9,
    "object_id": "2",
    "object_repr": "DjangoFet",
    "action_flag": 1,
    "change_message": "[{\"added\": {}}]"
  }
},
{
  "model": "admin.logentry",
  "pk": 25,
  "fields": {
    "action_time": "2019-02-21T15:45:13.525Z",
    "user": 1,
    "content_type": 18,
    "object_id": "4",
    "object_repr": "moving shit with your mind",
    "action_flag": 1,
    "change_message": "[{\"added\": {}}]"
  }
},
{
  "model": "admin.logentry",
  "pk": 26,
  "fields": {
    "action_time": "2019-02-21T15:45:46.714Z",
    "user": 1,
    "content_type": 18,
    "object_id": "5",
    "object_repr": "Coping with not being a jedi",
    "action_flag": 1,
    "change_message": "[{\"added\": {}}]"
  }
},
{
  "model": "admin.logentry",
  "pk": 27,
  "fields": {
    "action_time": "2019-02-21T15:45:53.540Z",
    "user": 1,
    "content_type": 9,
    "object_id": "3",
    "object_repr": "FirmusPiett",
    "action_flag": 1,
    "change_message": "[{\"added\": {}}]"
  }
},
{
  "model": "admin.logentry",
  "pk": 28,
  "fields": {
    "action_time": "2019-02-21T15:47:21.682Z",
    "user": 1,
    "content_type": 9,
    "object_id": "4",
    "object_repr": "JasonCampbell's",
    "action_flag": 1,
    "change_message": "[{\"added\": {}}]"
  }
},
{
  "model": "admin.logentry",
  "pk": 29,
  "fields": {
    "action_time": "2019-02-21T15:47:36.505Z",
    "user": 1,
    "content_type": 11,
    "object_id": "1",
    "object_repr": "CaptainGodherdt",
    "action_flag": 1,
    "change_message": "[{\"added\": {}}]"
  }
},
{
  "model": "admin.logentry",
  "pk": 30,
  "fields": {
    "action_time": "2019-02-21T15:47:56.126Z",
    "user": 1,
    "content_type": 11,
    "object_id": "2",
    "object_repr": "CaptainSarki",
    "action_flag": 1,
    "change_message": "[{\"added\": {}}]"
  }
},
{
  "model": "admin.logentry",
  "pk": 31,
  "fields": {
    "action_time": "2019-02-21T15:48:09.951Z",
    "user": 1,
    "content_type": 9,
    "object_id": "5",
    "object_repr": "NayNayJohnson",
    "action_flag": 1,
    "change_message": "[{\"added\": {}}]"
  }
},
{
  "model": "admin.logentry",
  "pk": 32,
  "fields": {
    "action_time": "2019-02-21T15:48:16.296Z",
    "user": 1,
    "content_type": 9,
    "object_id": "5",
    "object_repr": "NayNayJohnson",
    "action_flag": 2,
    "change_message": "[]"
  }
},
{
  "model": "admin.logentry",
  "pk": 33,
  "fields": {
    "action_time": "2019-02-21T15:48:48.517Z",
    "user": 1,
    "content_type": 11,
    "object_id": "3",
    "object_repr": "AdmiralChiraneau",
    "action_flag": 1,
    "change_message": "[{\"added\": {}}]"
  }
},
{
  "model": "admin.logentry",
  "pk": 34,
  "fields": {
    "action_time": "2019-02-21T15:49:31.212Z",
    "user": 1,
    "content_type": 11,
    "object_id": "4",
    "object_repr": "MoffTiaanJerjerrod",
    "action_flag": 1,
    "change_message": "[{\"added\": {}}]"
  }
},
{
  "model": "admin.logentry",
  "pk": 35,
  "fields": {
    "action_time": "2019-02-21T15:50:01.306Z",
    "user": 1,
    "content_type": 11,
    "object_id": "5",
    "object_repr": "LieutenantGrond",
    "action_flag": 1,
    "change_message": "[{\"added\": {}}]"
  }
},
{
  "model": "admin.logentry",
  "pk": 36,
  "fields": {
    "action_time": "2019-02-21T15:50:27.564Z",
    "user": 1,
    "content_type": 11,
    "object_id": "2",
    "object_repr": "CaptainSarki",
    "action_flag": 2,
    "change_message": "[{\"changed\": {\"fields\": [\"department\"]}}]"
  }
},
{
  "model": "admin.logentry",
  "pk": 37,
  "fields": {
    "action_time": "2019-02-21T15:51:57.503Z",
    "user": 1,
    "content_type": 12,
    "object_id": "1",
    "object_repr": "EmployeeTraining object (1)",
    "action_flag": 1,
    "change_message": "[{\"added\": {}}]"
  }
},
{
  "model": "admin.logentry",
  "pk": 38,
  "fields": {
    "action_time": "2019-02-21T15:51:58.668Z",
    "user": 1,
    "content_type": 8,
    "object_id": "1",
    "object_repr": "ComputerEmployee object (1)",
    "action_flag": 1,
    "change_message": "[{\"added\": {}}]"
  }
},
{
  "model": "admin.logentry",
  "pk": 39,
  "fields": {
    "action_time": "2019-02-21T15:52:03.245Z",
    "user": 1,
    "content_type": 12,
    "object_id": "2",
    "object_repr": "EmployeeTraining object (2)",
    "action_flag": 1,
    "change_message": "[{\"added\": {}}]"
  }
},
{
  "model": "admin.logentry",
  "pk": 40,
  "fields": {
    "action_time": "2019-02-21T15:52:03.838Z",
    "user": 1,
    "content_type": 8,
    "object_id": "2",
    "object_repr": "ComputerEmployee object (2)",
    "action_flag": 1,
    "change_message": "[{\"added\": {}}]"
  }
},
{
  "model": "admin.logentry",
  "pk": 41,
  "fields": {
    "action_time": "2019-02-21T15:52:08.476Z",
    "user": 1,
    "content_type": 8,
    "object_id": "3",
    "object_repr": "ComputerEmployee object (3)",
    "action_flag": 1,
    "change_message": "[{\"added\": {}}]"
  }
},
{
  "model": "admin.logentry",
  "pk": 42,
  "fields": {
    "action_time": "2019-02-21T15:52:09.948Z",
    "user": 1,
    "content_type": 12,
    "object_id": "3",
    "object_repr": "EmployeeTraining object (3)",
    "action_flag": 1,
    "change_message": "[{\"added\": {}}]"
  }
},
{
  "model": "admin.logentry",
  "pk": 43,
  "fields": {
    "action_time": "2019-02-21T15:52:14.320Z",
    "user": 1,
    "content_type": 8,
    "object_id": "4",
    "object_repr": "ComputerEmployee object (4)",
    "action_flag": 1,
    "change_message": "[{\"added\": {}}]"
  }
},
{
  "model": "admin.logentry",
  "pk": 44,
  "fields": {
    "action_time": "2019-02-21T15:52:20.646Z",
    "user": 1,
    "content_type": 8,
    "object_id": "5",
    "object_repr": "ComputerEmployee object (5)",
    "action_flag": 1,
    "change_message": "[{\"added\": {}}]"
  }
},
{
  "model": "admin.logentry",
  "pk": 45,
  "fields": {
    "action_time": "2019-02-21T15:52:21.318Z",
    "user": 1,
    "content_type": 12,
    "object_id": "4",
    "object_repr": "EmployeeTraining object (4)",
    "action_flag": 1,
    "change_message": "[{\"added\": {}}]"
  }
},
{
  "model": "admin.logentry",
  "pk": 46,
  "fields": {
    "action_time": "2019-02-21T15:52:38.783Z",
    "user": 1,
    "content_type": 15,
    "object_id": "1",
    "object_repr": "Panda Rug",
    "action_flag": 1,
    "change_message": "[{\"added\": {}}]"
  }
},
{
  "model": "admin.logentry",
  "pk": 47,
  "fields": {
    "action_time": "2019-02-21T15:52:55.996Z",
    "user": 1,
    "content_type": 12,
    "object_id": "5",
    "object_repr": "EmployeeTraining object (5)",
    "action_flag": 1,
    "change_message": "[{\"added\": {}}]"
  }
},
{
  "model": "admin.logentry",
  "pk": 48,
  "fields": {
    "action_time": "2019-02-21T15:53:28.501Z",
    "user": 1,
    "content_type": 15,
    "object_id": "2",
    "object_repr": "Samsung Laser Blaster",
    "action_flag": 1,
    "change_message": "[{\"added\": {}}]"
  }
},
{
  "model": "admin.logentry",
  "pk": 49,
  "fields": {
    "action_time": "2019-02-21T15:53:43.046Z",
    "user": 1,
    "content_type": 14,
    "object_id": "1",
    "object_repr": "Credits",
    "action_flag": 1,
    "change_message": "[{\"added\": {}}]"
  }
},
{
  "model": "admin.logentry",
  "pk": 50,
  "fields": {
    "action_time": "2019-02-21T15:54:13.645Z",
    "user": 1,
    "content_type": 15,
    "object_id": "3",
    "object_repr": "Steriod Injection",
    "action_flag": 1,
    "change_message": "[{\"added\": {}}]"
  }
},
{
  "model": "admin.logentry",
  "pk": 51,
  "fields": {
    "action_time": "2019-02-21T15:54:16.495Z",
    "user": 1,
    "content_type": 14,
    "object_id": "2",
    "object_repr": "NationalGalaxyCC",
    "action_flag": 1,
    "change_message": "[{\"added\": {}}]"
  }
},
{
  "model": "admin.logentry",
  "pk": 52,
  "fields": {
    "action_time": "2019-02-21T15:54:54.372Z",
    "user": 1,
    "content_type": 15,
    "object_id": "4",
    "object_repr": "I love Vader Doll",
    "action_flag": 1,
    "change_message": "[{\"added\": {}}]"
  }
},
{
  "model": "admin.logentry",
  "pk": 53,
  "fields": {
    "action_time": "2019-02-21T15:54:56.447Z",
    "user": 1,
    "content_type": 14,
    "object_id": "3",
    "object_repr": "HuttCredit",
    "action_flag": 1,
    "change_message": "[{\"added\": {}}]"
  }
},
{
  "model": "admin.logentry",
  "pk": 54,
  "fields": {
    "action_time": "2019-02-21T15:55:42.746Z",
    "user": 1,
    "content_type": 14,
    "object_id": "4",
    "object_repr": "CoruscantCreditUnion",
    "action_flag": 1,
    "change_message": "[{\"added\": {}}]"
  }
},
{
  "model": "admin.logentry",
  "pk": 55,
  "fields": {
    "action_time": "2019-02-21T15:55:44.301Z",
    "user": 1,
    "content_type": 15,
    "object_id": "5",
    "object_repr": "Stormtrooper Helmet",
    "action_flag": 1,
    "change_message": "[{\"added\": {}}]"
  }
},
{
  "model": "admin.logentry",
  "pk": 56,
  "fields": {
    "action_time": "2019-02-21T15:55:50.378Z",
    "user": 1,
    "content_type": 13,
    "object_id": "1",
    "object_repr": "1",
    "action_flag": 1,
    "change_message": "[{\"added\": {}}]"
  }
},
{
  "model": "admin.logentry",
  "pk": 57,
  "fields": {
    "action_time": "2019-02-21T15:55:57.115Z",
    "user": 1,
    "content_type": 13,
    "object_id": "2",
    "object_repr": "2",
    "action_flag": 1,
    "change_message": "[{\"added\": {}}]"
  }
},
{
  "model": "admin.logentry",
  "pk": 58,
  "fields": {
    "action_time": "2019-02-21T15:56:06.634Z",
    "user": 1,
    "content_type": 13,
    "object_id": "3",
    "object_repr": "3",
    "action_flag": 1,
    "change_message": "[{\"added\": {}}]"
  }
},
{
  "model": "admin.logentry",
  "pk": 59,
  "fields": {
    "action_time": "2019-02-21T15:56:25.982Z",
    "user": 1,
    "content_type": 13,
    "object_id": "4",
    "object_repr": "4",
    "action_flag": 1,
    "change_message": "[{\"added\": {}}]"
  }
},
{
  "model": "admin.logentry",
  "pk": 60,
  "fields": {
    "action_time": "2019-02-21T15:56:36.142Z",
    "user": 1,
    "content_type": 13,
    "object_id": "5",
    "object_repr": "5",
    "action_flag": 1,
    "change_message": "[{\"added\": {}}]"
  }
},
{
  "model": "admin.logentry",
  "pk": 61,
  "fields": {
    "action_time": "2019-02-21T15:56:49.104Z",
    "user": 1,
    "content_type": 13,
    "object_id": "4",
    "object_repr": "4",
    "action_flag": 2,
    "change_message": "[{\"changed\": {\"fields\": [\"customer\"]}}]"
  }
},
{
  "model": "admin.logentry",
  "pk": 62,
  "fields": {
    "action_time": "2019-02-21T15:56:58.647Z",
    "user": 1,
    "content_type": 13,
    "object_id": "3",
    "object_repr": "3",
    "action_flag": 2,
    "change_message": "[{\"changed\": {\"fields\": [\"customer\"]}}]"
  }
},
{
  "model": "admin.logentry",
  "pk": 63,
  "fields": {
    "action_time": "2019-02-21T15:57:03.064Z",
    "user": 1,
    "content_type": 13,
    "object_id": "3",
    "object_repr": "3",
    "action_flag": 2,
    "change_message": "[]"
  }
},
{
  "model": "admin.logentry",
  "pk": 64,
  "fields": {
    "action_time": "2019-02-21T15:57:09.363Z",
    "user": 1,
    "content_type": 13,
    "object_id": "2",
    "object_repr": "2",
    "action_flag": 2,
    "change_message": "[]"
  }
},
{
  "model": "admin.logentry",
  "pk": 65,
  "fields": {
    "action_time": "2019-02-21T15:57:14.584Z",
    "user": 1,
    "content_type": 14,
    "object_id": "5",
    "object_repr": "BountyHuntersBounty",
    "action_flag": 1,
    "change_message": "[{\"added\": {}}]"
  }
},
{
  "model": "admin.logentry",
  "pk": 66,
  "fields": {
    "action_time": "2019-02-21T15:57:15.588Z",
    "user": 1,
    "content_type": 13,
    "object_id": "1",
    "object_repr": "1",
    "action_flag": 2,
    "change_message": "[{\"changed\": {\"fields\": [\"customer\"]}}]"
  }
},
{
  "model": "admin.logentry",
  "pk": 67,
  "fields": {
    "action_time": "2019-02-21T15:57:18.960Z",
    "user": 1,
    "content_type": 16,
    "object_id": "1",
    "object_repr": "1",
    "action_flag": 1,
    "change_message": "[{\"added\": {}}]"
  }
},
{
  "model": "admin.logentry",
  "pk": 68,
  "fields": {
    "action_time": "2019-02-21T15:57:24.397Z",
    "user": 1,
    "content_type": 16,
    "object_id": "2",
    "object_repr": "2",
    "action_flag": 1,
    "change_message": "[{\"added\": {}}]"
  }
},
{
  "model": "admin.logentry",
  "pk": 69,
  "fields": {
    "action_time": "2019-02-21T15:57:29.808Z",
    "user": 1,
    "content_type": 16,
    "object_id": "3",
    "object_repr": "3",
    "action_flag": 1,
    "change_message": "[{\"added\": {}}]"
  }
},
{
  "model": "admin.logentry",
  "pk": 70,
  "fields": {
    "action_time": "2019-02-21T15:57:36.389Z",
    "user": 1,
    "content_type": 16,
    "object_id": "4",
    "object_repr": "4",
    "action_flag": 1,
    "change_message": "[{\"added\": {}}]"
  }
},
{
  "model": "admin.logentry",
  "pk": 71,
  "fields": {
    "action_time": "2019-02-21T15:58:25.935Z",
    "user": 1,
    "content_type": 16,
    "object_id": "5",
    "object_repr": "5",
    "action_flag": 1,
    "change_message": "[{\"added\": {}}]"
  }
},
{
  "model": "admin.logentry",
  "pk": 72,
  "fields": {
    "action_time": "2019-02-21T16:11:24.098Z",
    "user": 1,
    "content_type": 15,
    "object_id": "3",
    "object_repr": "Steroid Injection",
    "action_flag": 2,
    "change_message": "[{\"changed\": {\"fields\": [\"title\"]}}]"
  }
},
{
  "model": "admin.logentry",
  "pk": 73,
  "fields": {
    "action_time": "2019-02-21T16:15:42.309Z",
    "user": 1,
    "content_type": 16,
    "object_id": "3",
    "object_repr": "3",
    "action_flag": 2,
    "change_message": "[{\"changed\": {\"fields\": [\"product\"]}}]"
  }
},
{
  "model": "admin.logentry",
  "pk": 74,
  "fields": {
    "action_time": "2019-02-21T16:21:26.858Z",
    "user": 1,
    "content_type": 11,
    "object_id": "4",
    "object_repr": "Moff Tiaan Jerjerrod",
    "action_flag": 2,
    "change_message": "[{\"changed\": {\"fields\": [\"first_name\"]}}]"
  }
}
]
